aftereffect,after,effect,
afternoon,after,noon,
afterthought,after,thought,
airbag,air,bag,
aircraft,air,craft,
airline,air,line,
airplane,air,plane,
airport,air,port,
airtight,air,tight,
angelfish,angel,fish,
another,an,other,
anybody,any,body,
anyhow,any,how,
anyone,any,one,
anyplace,any,place,
anything,any,thing,
anytime,any,time,
anyway,any,way,
anywhere,any,where,
applesauce,apple,sauce,
armchair,arm,chair,
armhole,arm,hole,
armpit,arm,pit,
arrowhead,arrow,head,
artwork,art,work,
awestruck,awe,struck,
backache,back,ache,
backbone,back,bone,
backdrop,back,drop,
background,back,ground,
backhand,back,hand,
backhoe,back,hoe,
backlog,back,log,
backpack,back,pack,
backspace,back,space,
backstabbing,back,stabbing,
backstroke,back,stroke,
backwater,back,water,
backwoods,back,woods,
backyard,back,yard,
badlands,bad,lands,
bagpipes,bag,pipes,
ballplayer,ball,player,
bantamweight,bantam,weight,
barcode,bar,code,
barefoot,bare,foot,
barnstorm,barn,storm,
barnyard,barn,yard,
baseball,base,ball,
basketball,basket,ball,
bathmat,bath,mat,
bathrobe,bath,robe,
bathroom,bath,room,
bathtub,bath,tub,
bathwater,bath,water,
battleaxe,battle,axe,
battlecruiser,battle,cruiser,
battleship,battle,ship,
battlecry,battle,cry,
beancurd,bean,curd,
beachcomber,beach,comber,
become,be,come,
bedspread,bed,spread,
bedrock,bed,rock,
bedroom,bed,room,
bedtime,bed,time,
beehive,bee,hive,
beekeeper,bee,keeper,
beekeeping,bee,keeping,
beeswax,bees,wax,
beforehand,before,hand,
bellflower,bell,flower,
bellhop,bell,hop,
bellyache,belly,ache,
benchmark,bench,mark,
billboard,bill,board,
birthday,birth,day,
birthplace,birth,place,
birthrate,birth,rate,
birthright,birth,right,
bitterroot,bitter,root,
bittersweet,bitter,weet,
blackberry,black,berry,
blackbird,black,bird,
blackboard,black,board,
blackout,black,out,
blockbuster,block,buster,
bluebells,blue,bells,
bluebird,blue,bird,
blueberry,blue,berry,
bluebonnets,blue,bonnets,
bobcat,bob,cat,
bobtail,bob,tail,
bodyguard,body,guard,
bookbinder,book,binder,
bookcase,book,case,
bookkeeper,book,keeper,
bookmark,book,mark,
bookmobile,book,mobile,
bookshelf,book,shelf,
bookworm,book,worm,
bowlegged,bow,legged,
boxcar,box,car,
boxcutter,box,cutter,
boxsprings,box,springs,
brainstorm,brain,storm,
brainwash,brain,wash,
breadbasket,bread,basket,
breadbox,bread,box,
breadcrumbs,bread,crumbs,
breadfruit,bread,fruit,
breadknife,bread,knife,
breadstick,bread,stick,
breakdance,break,dance,
breakfast,break,fast,
breakfront,break,front,
breakneck,break,neck,
breakout,break,out,
breakthrough,break,through,
breakup,break,up,
breakwater,break,water,
breastbone,breast,bone,
breaststroke,breast,stroke,
bridegroom,bride,groom,
briefcase,brief,case,
browbeat,brow,beat,
bucktooth,buck,tooth,
buckteeth,buck,teeth,
bulldog,bull,dog,
bulldozer,bull,dozer,
bullfrog,bull,frog,
bulkhead,bulk,head,
businessman,business,man,
businesswoman,business,woman,
businessperson,business,person,
buttercup,butter,cup,
butterfingers,butter,fingers,
butterfly,butter,fly,
buttermilk,butter,milk,
buttonhole,button,hole,
bygone,by,gone,
candlestick,candle,stick,
campfire,camp,fire,
candytuft,candy,tuft,
cannot,can,not,
cardboard,card,board,
carefree,care,free,
careless,care,less,
caretaker,care,taker,
carport,carport,carport,
cartwheel,cartwheel,cartwheel,
catfish,catfish,catfish,
catnap,catnap,catnap,
catnip,catnip,catnip,
chairman,chair,man,
chairwoman,chair,woman,
chairperson,chair,person,
cheapskate,cheap,skate,
checkerboard,checker,board,
checkmate,check,mate,
checkroom,check,room,
checkup,check,up,
chestnut,chest,nut,
chickpea,chick,pea,
childbirth,child,birth,
childbearing,child,bearing,
childcare,child,care,
childfreeh,child,freeh,
childlike,child,like,
childproof,child,proof,
childrearing,child,rearing,
chopstick,chop,stick,
classmate,class,mate,
classroom,class,room,
classwork,class,work,
clockwise,clock,clockwise,
clockwork,clock,clockwork,
clotheshorse,clothes,horse,
clothesline,clothes,line,
coastline,coast,line,
cobweb,cob,web,
copycat,copy,cat,
coldframe,cold,frame,
coldhearted,cold,hearted,
coldsore,cold,sore,
commonsense,common,sense,
cookbook,cook,book,
cookout,cook,out,
cooktop,cook,top,
cookwear,cook,wear,
copyright,copy,right,
copywriter,copy,writer,
corkscrew,cork,screw,
cornfield,corn,field,
cornflower,corn,flower,
cornbread,corn,bread,
corncob,corn,cob,
corndog,corn,dog,
cornmeal,corn,meal,
cornstalk,corn,stalk,
cottonmouth,cotton,mouth,
countdown,count,down,
counterattack,counter,attack,
counterbalance,counter,balance,
counterclockwise,counter,clock,wise
counterweight,counter,weight,
countryside,country,side,
courthouse,court,house,
courtroom,court,room,
courtyard,court,yard,
cowbell,cow,bell,
cowboy,cow,boy,
cowgirl,cow,girl,
cowslip,cow,slip,
crabgrass,crab,grass,
craftsman,crafts,man,
crawfish,craw,fish,
crossbow,cross,bow,
crossroad,cross,road,
crosswalk,cross,walk,
crossword,cross,word,
crowbar,crow,bar,
cubbyhole,cubby,hole,
cupboard,cup,board,
cupcake,cup,cake,
cutaway,cut,away,
cutback,cut,back,
cutoff,cut,off,
cutthroat,cut,throat,
cutup,cut,up,
daredevil,dare,devil,
darkroom,dark,room,
dashboard,dash,board,
database,data,database,
databank,data,bank,
daybreak,day,break,
daydream,day,dream,
daylight,day,light,
daytime,day,time,
deadline,dead,line,
desktop,desk,top,
dimwit,dim,wit,
dishcloth,dish,cloth,
dishwasher,dish,washer,
dogcatcher,dog,catcher,
dogfish,dog,fish,
doghouse,dog,house,
dogwood,dog,wood,
doorbell,door,bell,
doorknob,door,knob,
doorman,door,man,
doormat,door,mat,
doorstep,door,step,
doorstop,door,stop,
doorway,door,way,
doughnut,dough,nut,
downburst,down,burst,
downcast,down,cast,
downdraft,down,draft,
downfall,down,fall,
downhill,down,hill,
downhome,down,home,
download,down,load,
downlink,down,link,
downpayment,down,payment,
downplay,down,play,
downpour,down,pour,
downrate,down,rate,
downright,down,right,
downscale,down,scale,
downshift,down,shift,
downsize,down,size,
downstairs,down,stairs,
downstream,down,stream,
downstroke,down,stroke,
downthrow,down,throw,
downtown,down,town,
downtrodden,down,trodden,
downturn,down,turn,
downunder,down,under,
downward,down,ward,
downwind,down,wind,
dragonfly,dragon,fly,
drainpipe,drain,pipe,
dreadnought,dread,nought,
dressmaker,dress,maker,
driftwood,drift,wood,
driveway,drive,way,
dropout,drop,out,
drugstore,drug,store,
drumbeat,drum,beat,
drumstick,drum,stick,
duckbill,duck,duck,
dugout,dug,out,
dumbbell,dumb,bell,
dustbin,dust,bin,
dustpan,dust,dustpan,
duststorm,dust,duststorm,
earache,ear,ache,
eardrum,ear,drum,
earlobe,ear,lobe,
earmark,ear,mark,
earmuff,ear,muff,
earphone,ear,phone,
earring,ear,ring,
earshot,ear,shot,
earthbound,earth,bound,
earthquake,earth,quake,
earthward,earth,ward,
earthworm,earth,worm,
earwig,ear,wig,
eavesdrop,eaves,drop,
eggbeater,egg,beater,
eggcup,egg,cup,
egghead,egg,head,
eggnog,egg,nog,
eggplant,egg,plant,
eggroll,egg,roll,
eggshell,egg,shell,
elsewhere,else,where,
evergreen,ever,ever,
everlasting,ever,lasting,
everybody,every,body,
everyday,every,day,
everyone,every,one,
everything,every,thing,
everywhere,every,where,
eyeball,eye,ball,
eyebrow,eye,brow,
eyeglasses,eye,glasses,
eyelash,eye,lash,
eyelid,eye,lid,
eyesight,eye,sight,
eyewitness,eye,witness,
fallout,fall,out,
fanfare,fan,fare,
farewell,fare,well,
farmhouse,farm,house,
farmyard,farm,yard,
farmboy,farm,boy,
farmgirl,farm,girl,
farsighted,far,sighted,
fatherland,father,land,
feedback,feed,back,
fiddlesticks,fiddle,sticks,
fingernail,finger,nail,
fingerprint,finger,print,
fingertip,finger,tip,
firearm,fire,arm,
fireboat,fire,boat,
firebug,fire,bug,
firefighter,fire,fighter,
firefly,fire,fly,
fireman,fire,man,
fireplace,fire,place,
fireproofed,fire,proofed,
firewood,fire,wood,
fireworks,fire,works,
firsthand,first,hand,
fishbowl,fish,bowl,
fishcake,fish,cake,
fisherman,fisher,man,
fisherwoman,fisher,woman,
fisheye,fish,eye,
fishhook,fish,hook,
fishnet,fish,net,
flapjacks,flap,jacks,
flagpole,flag,pole,
flashlight,flash,light,
flatfish,flat,fish,
floodlight,flood,light,
floorboard,floor,board,
flowerbed,flower,flower,
flowerpot,flower,flower,
flyby,fly,by,
flyweight,fly,weight,
flywheel,fly,wheel,
foghorn,fog,horn,
folklore,folk,lore,
foolproof,fool,proof,
football,foot,ball,
foothills,foot,hills,
footlights,foot,lights,
footman,foot,man,
footnote,foot,note,
footprint,foot,print,
footrest,foot,rest,
footstep,foot,step,
footstool,foot,stool,
footwear,foot,wear,
forecast,fore,cast,
foreclose,fore,close,
foreman,fore,man,
foremost,fore,most,
foreshadow,fore,shadow,
foresight,fore,sight,
forthwith,forth,with,
foursquare,four,square,
foxglove,fox,glove,
foxhole,fox,hole,
framework,frame,work,
freeway,free,way,
freshman,fresh,man,
freshwater,fresh,water,
frogman,frog,man,
frostbite,frost,bite,
fruitcake,fruit,cake,
frostbite,frost,bite,
furthermore,further,more,
gallbladder,gall,bladder,
gallstone,gall,stone,
gearshift,gear,shift,
gentleman,gentle,man,
gemstone,gem,stone,
ghostwriter,ghost,writer,
gingerbread,ginger,bread,
goalkeep,goal,keep,
goalpost,goal,post,
globetrotter,globe,trotter,
glowworm,glow,worm,
goldenrod,golden,rod,
goldfinch,gold,finch,
goldfish,gold,fish,
goldmine,gold,mine,
goldrush,gold,rush,
goldsmith,gold,smith,
goodnight,good,night,
grandchild,grand,child,
granddaughter,grand,daughter,
grandfather,grand,father,
grandma,grand,ma,
grandmother,grand,mother,
grandpa,grand,pa,
grandparent,grand,parent,
grandson,grand,son,
grandstand,grand,stand,
grapefruit,grape,fruit,
grapevine,grape,vine,
grasshopper,grass,hopper,
grasslands,grass,lands,
gravestone,grave,stone,
graveyard,grave,yard,
greenback,green,back,
greengrocer,green,grocer,
greenhorn,green,horn,
greenhouse,green,house,
greenland,green,land,
greenlight,green,light,
greyhound,grey,hound,
grindstone,grind,stone,
groundbreaking,ground,breaking,
groundcover,ground,cover,
groundhog,ground,hog,
groundskeeper,ground,skeeper,
groundspeed,ground,speed,
groundwork,ground,work,
grownup,grown,up,
guidebook,guide,book,
guideline,guide,line,
guidepost,guide,post,
gumdrop,gum,drop,
gunfire,gun,fire,
gunmetal,gun,metal,
gunpowder,gun,powder,
headstand,head,stand,
hacksaw,hack,saw,
hailstone,hail,stone,
hailstorm,hail,storm,
hairbrush,hair,brush,
haircut,hair,cut,
hairdo,hair,do,
hairdresser,hair,dresser,
hairline,hair,line,
halfback,halfback,halfback,
halfhearted,halfhearted,halfhearted,
halfway,halfway,halfway,
halfwit,halfwit,halfwit,
hallway,hall,way,
handbag,hand,bag,
handball,hand,ball,
handbook,hand,book,
handcuff,hand,cuff,
handgun,hand,gun,
handheld,hand,held,
handhold,hand,hold,
handkerchief,hand,kerchief,
handlebars,hand,lebars,
handmade,hand,made,
handover,hand,over,
handprint,hand,print,
handpuppet,hand,puppet,
handrail,hand,rail,
handset,hand,set,
handshake,hand,shake,
handspring,hand,spring,
handstand,hand,stand,
handwaving,hand,waving,
handwork,hand,work,
handwriting,hand,writing,
handwritten,hand,written,
handyman,handy,man,
hangman,hang,man,
hangnail,hang,nail,
hangout,hang,out,
hardheaded,hard,headed,
hardhearted,hard,hearted,
hardtop,hard,top,
hardware,hard,ware,
hardwire,hard,wire,
hayfever,hay,fever,
hayfield,hay,field,
hayfork,hay,fork,
hayloft,hay,loft,
hayride,hay,ride,
haystack,hay,stack,
haywire,hay,wire,
hazelnut,hazel,nut,
headache,head,ache,
headboard,head,board,
headdress,head,dress,
headfirst,head,first,
headhunter,head,hunter,
headland,head,land,
headlight,head,light,
headline,head,line,
headphone,head,phone,
headquarters,head,quarters,
headrest,head,rest,
headset,head,set,
headstone,head,stone,
headstand,head,stand,
headwaters,head,waters,
headway,head,way,
heartbeat,heart,beat,
heartbreak,heart,break,
heartburn,heart,burn,
heartsick,heart,sick,
heavyweight,heavy,weight,
hedgehog,hedge,hog,
hereafter,here,after,
heretofore,here,to,fore
herringbone,herring,bone,
herself,her,self,
hideaway,hide,away,
highbrow,high,brow,
highchair,high,chair,
highflier,high,flier,
highground,high,ground,
highhanded,high,handed,
highjack,high,jack,
highlander,high,lander,
highlands,high,lands,
highlight,high,light,
highpoint,high,point,
highrise,high,rise,
highroad,high,road,
highschool,high,school,
hightail,high,tail,
hightops,high,tops,
highwater,high,water,
highway,high,way,
highwayman,high,way,man
highwire,high,wire,
hijack,hi,jack,
hillside,hill,side,
hilltop,hill,top,
himself,him,self,
hindsight,hind,sight,
hogtie,hog,tie,
hogwash,hog,wash,
hollyhock,holly,hock,
homecoming,home,coming,
homeland,home,land,
homemade,home,made,
homeowner,home,owner,
homesick,home,sick,
homeward,home,ward,
homework,home,work,
honeybee,honey,bee,
honeycomb,honey,comb,
honeydew,honey,dew,
honeymoon,honey,moon,
hookworm,hook,worm,
hopscotch,hop,scotch,
horseback,horse,back,
horsefly,horse,fly,
horseman,horse,man,
horseplay,horse,play,
horsepower,horse,power,
horseradish,horse,radish,
horseshoe,horse,shoe,
hotbed,hot,bed,
hotcake,hot,cake,
hotdog,hot,dog,
hothead,hot,head,
hothouse,hot,house,
hotline,hot,line,
hotrod,hot,rod,
hotshot,hot,s,
hotspring,hot,spring,
hottub,hot,tub,
hotwire,hot,wire,
hourglass,hour,glass,
houseboat,house,boat,
housebreaking,house,breaking,
housecoat,house,coat,
houseflies,house,flies,
household,house,hold,
housekeeper,house,keeper,
housewarming,house,warming,
housewife,house,wife,
housework,house,work,
hovercraft,hover,craft,
however,how,ever,
huckleberry,huckle,berry,
humankind,human,kind,
humbug,hum,bug,
humdrum,hum,drum,
hummingbird,humming,bird,
humpback,hump,back,
hunchback,hunch,back,
icebox,ice,box,
iceberg,ice,berg,
icefish,ice,fish,
inchworm,inch,worm,
income,in,come,
indoor,in,door,
inkblot,in,kblot,
inland,in,land,
inlet,in,let,
inmate,in,mate,
inside,in,side,
instep,in,step,
into,in,to,
inward,in,ward,
itself,it,self,
jackfruit,jack,fruit,
jackknife,jack,knife,
jackpot,jack,pot,
jawbone,jaw,bone,
jawbreaker,jaw,breaker,
jaybird,jay,bird,
jaywalker,jay,walker,
jellybean,jelly,bean,
jellyfish,jelly,fish,
jigsaw,jig,saw,
jitterbug,jitter,bug,
joystick,joy,stick,
jumpsuit,jump,suit,
keepsake,keep,sake,
kettledrum,kettle,drum,
keyboard,key,board,
keyhole,key,hole,
keystone,key,stone,
keyword,key,word,
kickoff,kick,off,
kickball,kick,ball,
killjoy,joy,joy,
kindhearted,hearted,hearted,
knapsack,knap,sack,
kneecap,knee,cap,
knockout,knock,out,
L,L,L,
ladybird,lady,bird,
ladybug,lady,bug,
lakebed,lake,bed,
lakeside,lake,side,
lakefront,lake,front,
landfall,land,fall,
landform,land,form,
landlord,land,lord,
landmark,land,mark,
landowner,land,owner,
landslide,land,slide,
larkspur,lark,spur,
laughingstock,laughing,stock,
lawnmower,lawn,mower,
lawsuit,law,suit,
layover,lay,over,
layoff,lay,off,
leapfrog,leap,frog,
lefthand,left,hand,
leftover,left,over,
leftwing,left,wing,
levelheaded,level,headed,
lifeboat,life,boat,
lifeguard,life,guard,
lifelong,life,long,
lifestyle,life,style,
lifetime,life,time,
liftoff,lift,off,
lightheaded,light,headed,
lighthearted,light,hearted,
lighthouse,light,house,
lightweight,light,weight,
limelight,lime,light,
limestone,lime,stone,
linebacker,line,backer,
linedancing,line,dancing,
lineman,line,man,
lineup,line,up,
lionheart,lion,heart,
lipstick,lip,stick,
litterbug,litter,bug,
livestock,live,stock,
locksmith,lock,smith,
loggerheads,logger,heads,
logjam,log,jam,
longhand,long,hand,
longshoreman,long,shoreman,
lookout,look,out,
loophole,loop,hole,
lopsided,lop,sided,
loudmouth,loud,mouth,
lovesick,love,sick,
lowbrow,low,brow,
lowland,low,land,
lowlife,low,life,
lukewarm,luke,warm,
lumberjack,lumber,jack,
lunchroom,lunch,room,
lungfish,lung,fish,
mailbox,mail,box,
mailman,mail,man,
mainland,main,land,
mainstream,main,stream,
makeshift,make,shift,
manhole,man,hole,
manhunt,man,hunt,
mankind,man,kind,
manpower,man,power,
marketplace,market,place,
marksman,marks,man,
mastermind,master,mind,
masterpiece,master,piece,
matchbook,match,book,
matchmaker,match,maker,
maybe,may,be,
mayflower,may,flower,
mealtime,meal,time,
meanwhile,mean,while,
meatball,meat,ball,
meatloaf,meat,loaf,
middleman,middle,man,
midshipman,midship,man,
milestone,mile,stone,
milkshake,milk,shake,
millstone,mill,stone,
mockingbird,mocking,bird,
mockup,mock,up,
moonbeam,moon,beam,
moonlight,moon,light,
moonstruck,moon,struck,
moreover,more,over,
motorboat,motor,boat,
motorcycle,motor,cycle,
mousetrap,mouse,trap,
mouthpiece,mouth,piece,
muskrat,musk,rat,
myself,my,self,
namesake,name,sake,
neckline,neck,line,
necktie,neck,tie,
nearsighted,near,sighted,
needlepoint,needle,point,
needlework,needle,work,
network,net,work,
nevertheless,never,the,less
newborn,new,born,
newcomer,new,comer,
newsletter,news,letter,
newspaper,news,paper,
newsstand,news,stand,
newsworthy,news,worthy,
nightfall,night,fall,
nightgown,night,gown,
nightmare,night,mare,
nightshift,night,shift,
nightstand,night,stand,
nighttime,night,time,
nitwit,nit,wit,
nobleman,noble,man,
nobody,no,body,
northeast,north,east,
northwest,north,west,
nosebleed,nose,bleed,
nosedive,nose,dive,
notebook,note,book,
noteworthy,note,worthy,
nothing,no,thing,
nowhere,no,where,
nutshell,nut,shell,
oatmeal,oat,meal,
offline,off,line,
offshoot,off,shoot,
offshore,off,shore,
offside,off,side,
offspring,off,spring,
oilcan,oil,can,
oncoming,on,coming,
oneself,one,self,
ongoing,on,going,
online,on,line,
onlooker,on,looker,
onrush,on,rush,
onset,on,set,
onto,on,to,
onward,on,ward,
openhanded,open,handed,
openminded,open,minded,
otherwise,other,wise,
ourselves,our,selves,
outbid,out,bid,
outbreak,out,break,
outburst,out,burst,
outcast,out,cast,
outcome,out,come,
outcropping,out,cropping,
outcry,out,cry,
outdated,out,dated,
outdo,out,do,
outdoors,out,doors,
outdoorsman,out,doorsman,
outfield,out,field,
outfit,out,fit,
outflow,out,flow,
outfox,out,fox,
outgas,out,gas,
outgoing,out,going,
outgrown,out,grown,
outhouse,out,house,
outlast,out,last,
outlaw,out,law,
outlay,out,lay,
outlet,out,let,
outline,out,line,
outlive,out,live,
outlook,out,look,
outlying,out,lying,
outnumber,out,number,
outpost,out,post,
output,out,put,
outrage,out,rage,
outrank,out,rank,
outrun,out,run,
outside,out,side,
outsider,out,sider,
outshine,out,shine,
outskirts,out,skirts,
outsmart,out,smart,
outsource,out,source,
outspoken,out,spoken,
outstanding,out,standing,
outstay,out,stay,
outstretched,out,stretched,
outtake,out,take,
outward,out,ward,
overabundant,over,abundant,
overachieve,over,achieve,
overact,over,act,
overactive,over,active,
overage,over,age,
overall,over,all,
overalls,over,alls,
overarching,over,arching,
overbearing,over,bearing,
overbite,over,bite,
overblown,over,blown,
overboard,over,board,
overbooked,over,booked,
overburden,over,burden,
overcast,over,cast,
overcharge,over,charge,
overcoat,over,coat,
overcome,over,come,
overcompensate,over,compensate,
overcook,over,cook,
overcrowd,over,crowd,
overdo,over,do,
overdose,over,dose,
overdraft,over,draft,
overdressed,over,dressed,
overdrive,over,drive,
overdue,over,due,
overeager,over,eager,
overeat,over,eat,
overexposed,over,exposed,
overfill,over,fill,
overflow,over,flow,
overfull,over,full,
overgrown,over,grown,
overhand,over,hand,
overhang,over,hang,
overhaul,over,haul,
overhead,over,head,
overhear,over,hear,
overheat,over,heat,
overkill,over,kill,
overland,over,land,
overlap,over,lap,
overlay,over,lay,
overload,over,load,
overlook,over,look,
overlord,over,lord,
overlying,over,lying,
overnight,over,night,
overpack,over,pack,
overpaid,over,paid,
overpay,over,pay,
overpower,over,power,
overrate,over,rate,
overreach,over,reach,
overreact,over,react,
override,over,ride,
overrule,over,rule,
overrun,over,run,
overseas,over,seas,
overseer,over,seer,
oversight,over,sight,
overshoe,over,shoe,
oversleep,over,sleep,
overstate,over,state,
overstretched,over,stretched,
overtake,over,take,
overtaxed,over,taxed,
overthrow,over,throw,
overtime,over,time,
overturn,over,turn,
overuse,over,use,
overvalue,over,value,
overview,over,view,
overweight,over,weight,
overwork,over,work,
oxbow,ox,bow,
pancake,pan,cake,
panhandle,pan,handle,
paperback,paper,back,
paperweight,paper,weight,
paperwork,paper,work,
parkway,park,way,
passageway,passage,way,
passbook,pass,book,
passerby,passer,by,
passersby,passers,by,
passkey,pass,key,
passport,pass,port,
password,pass,word,
passionflower,passion,flower,
passionfruit,passion,fruit,
pastureland,pasture,land,
patchwork,patch,work,
pathfinder,path,finder,
pathway,path,way,
pawnbroker,pawn,broker,
payday,pay,day,
payroll,pay,roll,
peacekeeper,peace,keeper,
peacemaker,peace,maker,
peanut,peanut,peanut,
peanutbutter,pea,nut,butter
peapod,pea,pod,
penknife,pen,knife,
pepperbox,pepper,box,
peppercorn,pepper,corn,
peppermint,pepper,mint,
pickax,pick,ax,
pickpocket,pick,pocket,
piecrust,pie,crust,
pigeonhole,pigeon,hole,
piggyback,piggy,back,
pigpen,pig,pen,
pigsty,pig,sty,
pigskin,pig,skin,
pigtail,pig,tail,
pillbox,pill,box,
pillowcase,pillow,case,
pincushion,pin,cushion,
pineapple,pine,apple,
pinecone,pine,cone,
pinpoint,pin,point,
pinprick,pin,prick,
pinup,pin,up,
pinwheel,pin,wheel,
pipefish,pipe,fish,
pipeline,pipe,line,
pitbull,pit,bull,
pitchfork,pitch,fork,
plainclothes,plain,clothes,
playground,play,ground,
playpen,play,pen,
plaything,play,thing,
plywood,ply,wood,
pocketbook,pocket,book,
pocketknife,pocket,knife,
polecat,pole,cat,
polestar,pole,star,
polevault,pole,vault,
policeman,police,man,
policewoman,police,woman,
popcorn,pop,corn,
popover,pop,over,
postcard,post,card,
postmark,post,mark,
postmaster,post,master,
potholder,pot,holder,
pothole,pot,hole,
potluck,pot,luck,
potpie,pot,pie,
powerboat,power,boat,
powerhouse,power,house,
praiseworthy,praise,worthy,
primrose,prim,rose,
printout,print,out,
proofread,proof,read,
pullover,pull,over,
purebred,pure,bred,
pushcart,push,cart,
pushover,push,over,
quarterback,quarter,back,
quarterdeck,quarter,deck,
quarterhorse,quarter,horse,
quartermaster,quarter,master,
quickfire,quick,fire,
quicksand,quick,sand,
quicksilver,quick,silver,
racecar,race,car,
racecourse,race,course,
racehorse,race,horse,
racetrack,race,track,
raceway,race,way,
railroad,rail,road,
railway,rail,way,
rainbow,rain,bow,
raincoat,rain,coat,
rainfall,rain,fall,
rainout,rain,out,
rainstorm,rain,storm,
rattlesnake,rattle,snake,
redcoat,red,coat,
redeye,red,eye,
redhead,red,head,
redwood,red,wood,
reindeer,rein,deer,
righthand,right,hand,
rightwing,right,wing,
ringleader,ring,leader,
ringside,ring,side,
ringworm,ring,worm,
ripsaw,rip,saw,
riverbed,river,bed,
riverside,river,side,
roadbed,road,bed,
roadrunner,road,runner,
roadside,road,side,
roadway,road,way,
rockfish,rock,fish,
rockhound,rock,hound,
rockslide,rock,slide,
roommate,room,mate,
rosebud,rose,bud,
rosemary,rose,mary,
roughhouse,rough,house,
roughneck,rough,neck,
roundup,round,up,
rowboat,row,boat,
runaway,run,away,
runoff,run,off,
runway,run,way,
safeguard,safe,guard,
sailboat,sail,boat,
sailfish,sail,fish,
salesman,sales,man,
saleswoman,sales,woman,
salesperson,sales,person,
saltshaker,salt,shaker,
saltwater,salt,water,
sandbar,sand,bar,
sandbox,sand,box,
sandman,sand,man,
sandpaper,sand,paper,
sandstorm,sand,storm,
saucepan,sauce,pan,
sawdust,saw,dust,
sawfish,saw,fish,
sawhorse,saw,horse,
sawmill,saw,mill,
scarecrow,scare,crow,
scatterbrain,scatter,brain,
schoolbus,school,bus,
schoolhouse,school,house,
schoolroom,school,room,
schoolteacher,school,teacher,
scrapbook,scrap,book,
screwdriver,screw,driver,
seabed,sea,bed,
seabird,sea,bird,
seabreeze,sea,breeze,
seaboard,sea,board,
seachange,sea,change,
seacoast,sea,coast,
seafarer,sea,farer,
seafood,sea,food,
seagoing,sea,going,
seagrass,sea,grass,
seagull,sea,gull,
seahorse,sea,horse,
sealion,sea,lion,
seaplane,sea,plane,
searchlight,search,light,
seashell,sea,shell,
seashore,sea,shore,
seasick,sea,sick,
seaside,sea,side,
seastar,sea,star,
seatbelt,sea,tbelt,
seawall,sea,wall,
seaway,sea,way,
seaweed,sea,weed,
seaworthy,sea,worthy,
secondhand,second,hand,
seedpod,seed,pod,
setback,set,back,
sheepdog,sheep,dog,
shellfish,shell,fish,
shipmate,ship,mate,
shipshape,ship,shape,
shipwreck,ship,wreck,
shipyard,ship,yard,
shoehorn,shoe,horn,
shoelace,shoe,lace,
shopkeeper,shop,shopkeeper,
shoreline,shore,line,
shortbread,short,bread,
shortcake,short,cake,
shorthand,short,hand,
shortstop,short,stop,
showboat,show,boat,
showman,show,man,
showoff,show,off,
shuffleboard,shuffle,board,
shutdown,shut,down,
shuteye,shut,eye,
sideboard,side,board,
sidecar,side,car,
sidekick,side,kick,
sideline,side,line,
sidestep,side,step,
sidestroke,side,stroke,
sideswipe,side,swipe,
sidetrack,side,track,
sidewalk,side,walk,
sideways,side,ways,
sightseer,sight,seer,
sightseeing,sight,seeing,
signpost,sign,post,
silkworm,silk,worm,
silverware,silver,ware,
singsong,sing,song,
skateboard,skate,board,
skylight,sky,light,
skyline,sky,line,
skyrocket,sky,rocket,
skyscraper,sky,scraper,
skywriting,sky,writing,
skywriting,sky,writer,
skydive,sky,dive,
skydivind,sky,diving,
slapstick,slap,stick,
slaughterhouse,slaughter,house,
sledgehammer,sledge,hammer,
sleepwalker,sleep,walker,
sleepyhead,sleep,yhead,
slingshot,sling,shot,
slipcover,slip,cover,
slipknot,slip,knot,
slipshod,slip,shod,
smallpox,small,pox,
smalltalk,small,talk,
smokestack,smoke,stack,
snapdragon,snap,dragon,
snapshot,snap,shot,
snowball,snow,ball,
snowboard,snow,board,
snowbound,snow,bound,
snowdrift,snow,drift,
snowdrop,snow,drop,
snowfall,snow,fall,
snowflake,snow,flake,
snowplow,snow,plow,
snowshoe,snow,shoe,
snowstorm,snow,storm,
snubnosed,snub,nosed,
soapstone,soap,stone,
softball,soft,ball,
software,soft,ware,
somebody,some,body,
someday,some,day,
somehow,some,how,
someone,some,one,
someplace,some,place,
something,some,thing,
sometime,some,time,
somewhat,some,what,
somewhere,some,where,
songbird,song,bird,
soundproof,sound,proof,
soundtrack,sound,track,
southeast,south,east,
southwest,south,west,
soybean,soy,bean,
soysauce,soy,sauce,
spacecraft,space,craft,
spaceship,space,ship,
spacesuit,space,suit,
spareribs,spare,ribs,
speakeasy,speak,easy,
spellbound,spell,bound,
spoilsport,spoil,sport,
sportscast,sports,cast,
sportscaster,sports,caster,
sportsman,sports,man,
sportsmanship,sports,manship,
sportswriter,sports,writer,
spotlight,spot,light,
springboard,spring,board,
springtime,spring,time,
spyglass,spy,glass,
stagecoach,stage,coach,
staircase,stair,case,
stairway,stair,way,
standby,stand,by,
standoff,stand,off,
standpipe,stand,pipe,
standstill,stand,still,
starboard,star,board,
starfish,star,fish,
stargazer,star,gazer,
starlight,star,light,
stateside,state,side,
starship,star,ship,
startup,start,up,
statesman,states,man,
steamboat,steam,boat,
steamroller,steam,roller,
steamship,steam,ship,
steeplechase,steeple,chase,
stepbrother,step,brother,
stepdaughter,step,daughter,
stepfather,step,father,
stepladder,step,ladder,
stepmother,step,mother,
stepsister,step,sister,
stepson,step,son,
stingray,sting,ray,
stockbroker,stock,broker,
stockholder,stock,holder,
stockpile,stock,pile,
stonewall,stone,wall,
stoneware,stone,ware,
stonework,stone,work,
stopwatch,stop,watch,
storehouse,store,house,
storekeeper,store,keeper,
storyteller,story,teller,
stowaway,stow,away,
straightedge,straight,edge,
straightforward,straight,forward,
strawberry,straw,berry,
streamline,stream,line,
streetcar,street,car,
strongbox,strong,box,
stronghold,strong,hold,
surfboard,surf,board,
suitcase,suit,case,
summertime,summer,time,
sunbonnet,sun,bonnet,
sunburn,sun,burn,
sundial,sun,dial,
sundown,sun,down,
sundress,sun,dress,
sunfish,sun,fish,
sunflower,sun,flower,
sunglasses,sun,glasses,
sunlight,sun,light,
sunrise,sun,rise,
sunset,sun,set,
sunshine,sun,shine,
sunspot,sun,spot,
sunstroke,sun,stroke,
sunup,sun,up,
supercharged,super,charged,
supercollider,super,collider,
supercomputer,super,computer,
superconductor,super,conductor,
superfood,super,food,
supergiant,super,giant,
superglue,super,glue,
superheavyweight,super,heavy,weight
superhero,super,hero,
superhighway,super,highway,
superhuman,super,human,
superimpose,super,impose,
superman,super,man,
supermarket,super,market,
supernatural,super,natural,
supernova,super,nova,
supertanker,super,tanker,
superuser,super,user,
superwoman,super,woman,
surfboard,surf,board,
swallowtail,swallow,tail,
sweatshirt,sweat,shirt,
sweatshop,sweat,shop,
sweetheart,sweet,heart,
swimsuit,swim,suit,
swordfish,sword,fish,
tablecloth,table,cloth,
tableland,table,land,
tablesaw,table,saw,
tablespoon,table,spoon,
tabletop,table,top,
tailback,tail,back,
tailspin,tail,spin,
takeaway,take,away,
takeoff,take,off,
takeout,take,out,
takeover,take,over,
tapeworm,tape,worm,
tattletale,tattle,tale,
taxicab,taxi,cab,
teacup,tea,cup,
teammate,team,mate,
teapot,tea,pot,
teardrop,drop,drop,
tearjerker,tear,jerker,
tearoom,tea,room,
teashop,tea,shop,
teaspoon,tea,spoon,
teatime,tea,time,
telltale,tell,tale,
textbook,text,book,
thanksgiving,thanks,giving,
themselves,them,selves,
thighbone,thigh,bone,
thoroughbred,thorough,bred,
thoroughfare,thorough,fare,
threadbare,thread,bare,
throughout,through,out,
thumbnail,thumb,nail,
thunderbolt,thunder,bolt,
thunderclap,thunder,clap,
thundercloud,thunder,cloud,
thunderstorm,thunder,storm,
thunderstruck,thunder,struck,
tideland,tide,land,
tightrope,tight,rope,
timecard,time,card,
timekeeper,time,keeper,
timelapse,time,lapse,
timeline,time,line,
timeout,time,out,
timepiece,time,piece,
timesaver,time,saver,
timescale,time,scale,
timesheet,time,sheet,
timetable,time,table,
timewarp,time,warp,
timeworn,time,worn,
tiptoe,tip,toe,
toadstool,toad,stool,
toenail,toe,nail,
tombstone,tomb,stone,
tomcat,tom,cat,
toolbox,tool,box,
toothbrush,tooth,brush,
toothpaste,tooth,paste,
toothpick,tooth,pick,
topcoat,top,coat,
topflight,top,flight,
tophat,top,hat,
topknot,top,knot,
topsail,top,sail,
topside,top,side,
topsoil,top,soil,
topspin,top,spin,
topstitch,top,stitch,
touchdown,touch,down,
trademark,trade,mark,
tradeoff,trade,off,
tradesman,trades,man,
treadmill,tread,mill,
treetop,tree,top,
triggerfish,trigger,fish,
troublemaker,trouble,maker,
trustworthy,trust,worthy,
tryout,try,out,
tugboat,tug,boat,
tumbledown,tumble,down,
tumbleweed,tumble,weed,
turncoat,turn,coat,
turnout,turn,out,
turnover,turn,over,
turnpike,turn,pike,
turnstile,turn,stile,
turtleneck,turtle,neck,
typeface,type,face,
typewriter,type,writer,
underachieve,under,achieve,
underachiever,under,achiever,
underarm,under,arm,
underclothing,under,clothing,
undercook,under,cook,
undercover,under,cover,
undercut,under,cut,
underdone,under,done,
underdog,under,dog,
underdone,under,done,
undergo,under,go,
underground,under,ground,
undergrowth,under,growth,
underhand,under,hand,
undersea,under,sea,
undershirt,under,shirt,
understand,under,stand,
understated,under,stated,
undertake,under,take,
undertaker,under,taker,
undervalue,under,value,
underwater,under,water,
underwear,under,wear,
underweight,under,weight,
underworld,under,world,
upbeat,up,beat,
upbringing,up,bringing,
upcoming,up,coming,
update,up,date,
updraft,up,draft,
upgrade,up,grade,
uphill,up,hill,
uphold,up,hold,
upkeep,up,keep,
uplift,up,lift,
upload,up,load,
upon,up,on,
uppermost,upper,most,
upright,up,right,
uprising,up,rising,
uproar,up,roar,
uproot,up,root,
upset,up,set,
upstage,up,stage,
upstairs,up,stairs,
upstanding,up,standing,
upstart,up,start,
upstate,up,state,
upstream,up,stream,
upswing,up,swing,
uptake,up,take,
uptown,up,town,
upturn,up,turn,
upward,up,ward,
upwelling,up,welling,
upwind,up,wind,
username,user,name,
viewpoint,view,point,
vineyard,vine,yard,
volleyball,volley,ball,
voltmeter,volt,meter,
waistcoat,waist,coat,
waistline,waist,line,
walkingstick,walking,stick,
walkout,walk,out,
walkway,walk,way,
wallflower,wall,flower,
wallpaper,wall,paper,
wardrobe,ward,robe,
warehouse,ware,house,
warfare,war,fare,
warmup,warm,up,
warpath,war,path,
warplane,war,plane,
warship,war,ship,
washcloth,wash,cloth,
washstand,wash,stand,
wasteland,waste,land,
watercolor,water,color,
watercress,water,cress,
watchdog,water,watchdog,
waterbed,water,bed,
waterfall,water,fall,
waterfowl,water,fowl,
waterfront,water,front,
watermelon,water,melon,
waterproof,water,proof,
watershed,water,shed,
waterspout,water,spout,
watertight,water,tight,
waterway,water,way,
waterworks,water,works,
wavelength,wave,length,
wayside,way,side,
weatherman,weather,man,
weatherproof,weather,proof,
weathervane,weather,vane,
website,web,site,
weekday,week,day,
weekend,week,end,
weightlifter,weight,lifter,
wetlands,wet,lands,
wetsuit,wet,suit,
whatever,what,ever,
whatsoever,what,so,ever
wheelbarrow,wheel,barrow,
wheelchair,wheel,chair,
whenever,when,ever,
whereas,where,as,
whereby,where,by,
whereupon,where,upon,
wherewith,where,with,
wherewithall,where,with,all
whichever,which,ever,
whirlpool,whirl,pool,
whirlwind,whirl,wind,
whitefish,white,fish,
whitewall,white,wall,
whitewash,white,wash,
whoever,who,ever,
wholehearted,whole,hearted,
wholesale,whole,sale,
whomever,whom,ever,
widescreen,wide,screen,
widespread,wide,spread,
wildcat,wild,cat,
wildfire,wild,fire,
wildflower,wild,flower,
wildlife,wild,life,
windbreaker,wind,breaker,
windfall,wind,fall,
windmill,wind,mill,
windowpane,window,pane,
windowsill,window,sill,
windpipe,wind,pipe,
windshield,wind,shield,
windsock,wind,sock,
windstorm,wind,storm,
windswept,wind,swept,
windward,wind,ward,
wingspan,wing,span,
wingspread,wing,spread,
wintertime,winter,time,
wiretap,wire,tap,
wisecrack,wise,crack,
wishbone,wish,bone,
witchcraft,witch,craft,
withdraw,with,draw,
withhold,with,hold,
within,with,in,
without,with,out,
withstand,with,stand,
wolfhound,wolf,hound,
wolfsbane,wolfs,bane,
wonderland,wonder,land,
woodcarver,wood,carver,
woodchuck,wood,chuck,
woodcutter,wood,cutter,
woodland,wood,land,
woodpecker,wood,pecker,
woodsman,wood,sman,
woodwork,wood,work,
workbench,work,bench,
workbook,work,book,
workday,work,day,
workhorse,work,horse,
workman,work,man,
workmanlike,work,manlike,
workout,work,out,
workplace,work,place,
workroom,work,room,
workshop,work,shop,
workstation,work,station,
worktable,work,table,
worldwide,world,wide,
worthwhile,worth,while,
wristwatch,wrist,watch,
wrongdoing,wrong,doing,
yachtsman,yachts,man,
yardarm,yard,arm,
yardstick,yard,stick,
yearbook,year,book,
yellowtail,yellow,tail,
yourself,your,self,
zigzag,zig,zag,
zookeeper,zoo,keeper,
